time(s),number of IPs,pbkdf2 iterations
0.41712260599888396,0,100
90.24883612000122,1000,100
180.34652530699896,2000,100
278.73097300299924,3000,100
365.6254421600024,4000,100
454.9513781019996,5000,100
548.0130840599995,6000,100
642.8700420000023,7000,100
742.1160707700001,8000,100
830.151906420997,9000,100
